Wall time,Step,Value
1493069692.823595,42,0.1328125
1493069692.957289,45,0.1484375
1493069694.145198,71,0.265625
1493069695.187867,94,0.2421875
1493069698.538025,167,0.1796875
1493069701.366582,229,0.203125
1493069701.59293,234,0.328125
1493069702.536866,255,0.2265625
1493069703.346707,273,0.2734375
1493069704.913403,308,0.2265625
1493069705.000213,310,0.3046875
1493069705.369652,318,0.28125
1493069712.479533,474,0.265625
1493069715.312618,536,0.25
1493069717.296766,579,0.234375
1493069717.615117,586,0.2578125
1493069719.823923,634,0.25
1493069720.421119,647,0.203125
1493069723.49265,714,0.1953125
1493069723.856616,722,0.2578125
1493069727.510055,802,0.1875
1493069727.779006,808,0.234375
1493069729.086893,836,0.2734375
1493069735.202883,971,0.1796875
1493069741.22716,1014,0.3125
1493069743.599257,1066,0.203125
1493069745.317228,1104,0.3125
1493069748.819825,1180,0.25
1493069752.530618,1261,0.2265625
1493069755.019018,1316,0.2890625
1493069755.154009,1319,0.1953125
1493069755.793917,1333,0.2265625
1493069755.968151,1337,0.1875
1493069758.140753,1385,0.21875
1493069758.48438,1392,0.28125
1493069760.492025,1436,0.203125
1493069761.835649,1466,0.3125
1493069765.7048,1552,0.2421875
1493069767.132152,1584,0.203125
1493069771.901069,1691,0.234375
1493069773.816809,1734,0.296875
1493069773.95148,1737,0.296875
1493069778.795888,1844,0.3125
1493069780.306741,1877,0.3046875
1493069782.141141,1917,0.1875
1493069783.505936,1947,0.2734375
1493069791.545734,2036,0.3125
1493069794.259294,2096,0.28125
1493069798.376255,2187,0.1796875
1493069798.915554,2199,0.28125
1493069800.356421,2231,0.2421875
1493069801.769532,2262,0.2421875
1493069803.794733,2307,0.234375
1493069807.518551,2389,0.2265625
1493069809.657455,2436,0.2109375
1493069810.446122,2453,0.2265625
1493069810.542395,2455,0.296875
1493069810.772911,2460,0.265625
1493069811.908857,2485,0.234375
1493069811.954161,2486,0.28125
1493069812.497608,2498,0.328125
1493069812.721217,2503,0.2734375
1493069814.019634,2532,0.1953125
1493069820.969626,2685,0.2734375
1493069823.463917,2740,0.2265625
1493069833.744216,2967,0.2421875
1493069841.163425,3038,0.296875
1493069841.297716,3041,0.2890625
1493069846.760215,3161,0.1484375
1493069849.897111,3230,0.2265625
1493069850.627294,3246,0.203125
1493069850.67533,3247,0.2421875
1493069853.30504,3305,0.2109375
1493069861.215606,3480,0.2421875
1493069867.479251,3618,0.25
1493069867.567854,3620,0.3046875
1493069869.839537,3670,0.3828125
1493069873.095985,3741,0.1875
1493069876.388872,3814,0.28125
1493069876.708855,3821,0.296875
1493069881.57541,3928,0.3671875
1493069882.834028,3956,0.2578125
1493069890.413382,4036,0.25
1493069893.237065,4098,0.265625
1493069897.731902,4196,0.234375
1493069899.343062,4232,0.2890625
1493069903.223837,4317,0.25
1493069906.958162,4400,0.2734375
1493069911.159873,4492,0.25
1493069911.96612,4509,0.2265625
1493069912.910079,4530,0.15625
1493069918.946894,4664,0.2265625
1493069919.124374,4668,0.2265625
1493069919.481368,4676,0.21875
1493069924.618347,4788,0.1640625
1493069925.260453,4802,0.1953125
1493069926.990159,4840,0.2265625
1493069929.42431,4894,0.2421875
1493069932.911223,4971,0.203125
1493069940.560156,5050,0.2578125
1493069940.653618,5052,0.2734375
1493069943.095049,5106,0.3359375
1493069944.341336,5134,0.25
1493069953.868717,5345,0.2265625
1493069954.49981,5359,0.2421875
1493069957.384048,5420,0.21875
1493069963.172684,5549,0.2265625
1493069969.054632,5679,0.2265625
1493069971.062267,5723,0.28125
1493069974.872656,5808,0.2734375
1493069977.409492,5864,0.25
1493069977.724908,5871,0.1875
1493069979.36349,5907,0.21875
1493069983.175479,5990,0.2578125
1493069993.633254,6131,0.21875
1493069996.792506,6200,0.234375
1493069997.652804,6219,0.2734375
1493070000.855303,6289,0.265625
1493070001.919188,6312,0.28125
1493070004.814158,6376,0.2578125
1493070011.300901,6520,0.2578125
1493070013.781353,6574,0.1953125
1493070015.134792,6603,0.2109375
1493070019.489914,6696,0.3125
1493070019.623155,6699,0.2109375
1493070020.178101,6711,0.3125
1493070027.093187,6854,0.2265625
1493070032.429489,6966,0.2890625
1493070033.588804,6992,0.328125
1493070043.709646,7114,0.234375
1493070045.659145,7155,0.3203125
1493070052.736311,7311,0.2421875
1493070055.922694,7382,0.2734375
1493070059.149447,7450,0.234375
1493070059.61116,7460,0.296875
1493070059.743689,7463,0.28125
1493070060.438884,7478,0.21875
1493070061.919252,7511,0.1953125
1493070069.904902,7693,0.3203125
1493070074.015282,7788,0.296875
1493070074.444746,7798,0.25
1493070075.941189,7833,0.2421875
1493070082.776139,7991,0.234375
1493070089.935091,8066,0.3046875
1493070094.907114,8180,0.3125
1493070096.734924,8221,0.234375
1493070102.892462,8363,0.28125
1493070103.112321,8368,0.2265625
1493070103.503101,8377,0.28125
1493070107.510967,8470,0.2578125
1493070108.713475,8498,0.25
1493070109.146209,8508,0.265625
1493070113.151378,8601,0.21875
1493070114.624249,8635,0.25
1493070117.307662,8695,0.234375
1493070125.329871,8878,0.296875
1493070126.588478,8907,0.234375
1493070127.515735,8928,0.2734375
1493070127.815928,8935,0.296875
1493070130.467513,8993,0.265625
1493070137.41777,9055,0.28125
1493070146.284515,9260,0.203125
1493070148.694346,9316,0.21875
1493070150.098029,9348,0.203125
1493070153.869936,9435,0.25
1493070155.29997,9468,0.25
1493070159.021205,9554,0.2265625
1493070159.58186,9567,0.171875
1493070163.473139,9657,0.2734375
1493070164.457563,9680,0.25
1493070165.256666,9698,0.203125
1493070171.501165,9843,0.234375
1493070174.256944,9907,0.265625
1493070185.600882,10058,0.2578125
1493070186.917592,10084,0.3125
1493070196.459291,10276,0.2109375
1493070196.762209,10283,0.25
1493070201.916554,10399,0.21875
1493070205.534122,10479,0.21875
1493070207.468796,10522,0.21875
1493070211.23116,10607,0.203125
1493070212.669843,10638,0.21875
1493070213.397972,10654,0.2578125
1493070215.982974,10711,0.3125
1493070218.072915,10757,0.265625
1493070218.115209,10758,0.25
1493070219.04141,10780,0.234375
1493070221.840998,10841,0.2734375
1493070222.258111,10850,0.21875
1493070224.683709,10902,0.2734375
1493070224.81852,10905,0.296875
1493070226.55572,10943,0.2734375
1493070227.647964,10966,0.25
1493070227.904539,10972,0.2890625
1493070227.994687,10974,0.171875
1493070234.211021,11020,0.265625
1493070237.851706,11102,0.2421875
1493070238.731031,11121,0.234375
1493070239.15562,11130,0.2421875
1493070242.151128,11198,0.28125
1493070242.24136,11200,0.296875
1493070245.000541,11260,0.21875
1493070252.427697,11419,0.3125
1493070255.106011,11472,0.234375
1493070256.261388,11492,0.1953125
1493070257.779258,11523,0.21875
1493070258.178523,11532,0.1875
1493070259.792861,11566,0.25
1493070263.843348,11648,0.2578125
1493070265.740484,11685,0.21875
1493070269.121332,11759,0.28125
1493070274.363182,11873,0.203125
1493070278.764637,11969,0.2265625
1493070278.988569,11974,0.203125
1493070285.227945,12010,0.203125
1493070286.652551,12041,0.2734375
1493070291.064727,12138,0.2734375
1493070292.267821,12164,0.1953125
1493070293.197653,12184,0.2734375
1493070298.064282,12290,0.296875
1493070303.6505,12405,0.2578125
1493070306.069394,12458,0.3046875
1493070315.735377,12671,0.265625
1493070324.988286,12877,0.2578125
1493070327.658292,12939,0.25
1493070335.177721,13017,0.28125
1493070335.915159,13034,0.2890625
1493070337.080746,13061,0.2421875
1493070338.001345,13082,0.1640625
1493070338.525589,13094,0.21875
1493070339.18091,13109,0.28125
1493070344.774247,13239,0.28125
1493070352.21181,13402,0.2421875
1493070352.396967,13406,0.2265625
1493070356.807574,13504,0.25
1493070358.716678,13546,0.2734375
1493070361.036056,13597,0.2578125
1493070362.092182,13620,0.2734375
1493070364.762575,13679,0.2578125
1493070370.690945,13810,0.234375
1493070374.06677,13884,0.2265625
1493070387.003616,14080,0.2265625
1493070393.383872,14221,0.21875
1493070396.361279,14287,0.2734375
1493070396.687345,14294,0.2109375
1493070397.856122,14320,0.265625
1493070398.663592,14338,0.2421875
1493070401.34358,14397,0.2734375
1493070403.606783,14447,0.2578125
1493070412.024861,14632,0.296875
1493070412.291686,14638,0.2578125
1493070413.875848,14668,0.3125
1493070414.350319,14677,0.2890625
1493070414.908757,14687,0.2578125
1493070419.554695,14779,0.265625
1493070419.969579,14788,0.34375
1493070420.946039,14809,0.3125
1493070423.93701,14873,0.265625
1493070424.830772,14892,0.265625
1493070438.596028,15090,0.2109375
1493070442.746878,15180,0.3046875
1493070446.713469,15266,0.296875
1493070449.35789,15324,0.203125
1493070456.228557,15473,0.25
1493070456.313498,15475,0.25
1493070457.689122,15507,0.21875
1493070459.225325,15538,0.2421875
1493070468.333055,15740,0.3359375
1493070469.437714,15764,0.21875
1493070469.833537,15773,0.234375
1493070472.3325,15828,0.2265625
1493070479.95675,15993,0.2734375
1493070488.865095,16095,0.21875
1493070489.846476,16116,0.2734375
1493070496.074416,16249,0.265625
1493070499.309677,16321,0.2265625
1493070500.350477,16343,0.3125
1493070501.1128,16360,0.2421875
1493070503.158115,16406,0.3984375
1493070507.550501,16505,0.2734375
1493070516.161175,16697,0.2734375
1493070521.033209,16808,0.359375
1493070521.075016,16809,0.265625
1493070523.189326,16857,0.21875
1493070525.120602,16899,0.3046875
1493070537.533424,17066,0.3046875
1493070539.008462,17097,0.296875
1493070540.527434,17131,0.2578125
1493070545.603449,17239,0.21875
1493070547.132972,17272,0.2265625
1493070548.143397,17292,0.28125
1493070549.264475,17316,0.2421875
1493070549.311071,17317,0.296875
1493070549.448109,17320,0.2890625
1493070550.281895,17339,0.2421875
1493070553.34955,17405,0.25
1493070555.194096,17444,0.265625
1493070555.6566,17454,0.21875
1493070559.841543,17543,0.203125
1493070560.469703,17557,0.265625
1493070561.809096,17586,0.2421875
1493070562.174036,17594,0.2265625
1493070563.456765,17623,0.25
1493070567.850228,17722,0.2421875
1493070578.244164,17953,0.2265625
1493070579.492481,17981,0.296875
1493070585.167556,18018,0.2578125
1493070586.736351,18053,0.296875
1493070587.263597,18065,0.1484375
1493070590.128997,18129,0.234375
1493070596.155438,18264,0.265625
1493070598.563676,18318,0.25
1493070604.414018,18451,0.296875
1493070604.456796,18452,0.28125
1493070610.810431,18592,0.2265625
1493070616.186624,18713,0.3359375
1493070616.497366,18720,0.265625
1493070622.117158,18845,0.2265625
1493070627.704741,18958,0.21875
1493070634.521781,19005,0.3125
1493070636.586819,19048,0.2734375
1493070639.723156,19116,0.234375
1493070642.101287,19169,0.2421875
1493070646.971176,19271,0.2109375
1493070658.664908,19525,0.3359375
1493070658.944439,19531,0.296875
1493070663.883909,19640,0.25
1493070664.510586,19654,0.21875
1493070667.866555,19731,0.3046875
1493070668.125134,19737,0.3203125
1493070671.866272,19823,0.28125
1493070672.86986,19846,0.2578125
1493070675.88327,19916,0.25
1493070676.826346,19938,0.25
1493070678.28651,19971,0.265625
1493070679.321693,19995,0.3828125
1493070685.140946,20035,0.328125
1493070685.958125,20053,0.2578125
1493070686.224568,20059,0.28125
1493070686.356422,20062,0.203125
1493070689.666259,20138,0.171875
1493070689.708996,20139,0.2421875
1493070691.787333,20186,0.2421875
1493070693.152395,20217,0.234375
1493070694.329167,20244,0.2890625
1493070694.46132,20247,0.2734375
1493070694.692285,20252,0.234375
1493070697.973527,20323,0.1875
1493070698.494747,20334,0.2421875
1493070700.640863,20383,0.265625
1493070703.135733,20440,0.265625
1493070705.071421,20485,0.3515625
1493070706.83993,20526,0.2890625
1493070707.410537,20539,0.2890625
1493070707.452837,20540,0.296875
1493070708.394576,20562,0.234375
1493070709.079829,20578,0.2109375
1493070713.924393,20689,0.203125
1493070714.832838,20710,0.25
1493070717.880801,20779,0.3359375
1493070718.019239,20782,0.2890625
1493070718.063231,20783,0.3125
1493070720.160948,20831,0.25
1493070721.261146,20855,0.3125
1493070726.980799,20987,0.234375
1493070734.902295,21080,0.1953125
1493070737.68676,21144,0.34375
1493070740.484605,21209,0.2734375
1493070741.466297,21232,0.3046875
1493070745.081117,21316,0.2109375
1493070745.210299,21319,0.28125
1493070745.421567,21324,0.234375
1493070748.366721,21391,0.1875
1493070749.184603,21409,0.234375
1493070752.408263,21484,0.3046875
1493070754.115932,21523,0.25
1493070760.978164,21681,0.265625
1493070762.852163,21724,0.265625
1493070765.930984,21795,0.25
1493070767.072136,21821,0.2734375
1493070767.98434,21842,0.296875
1493070768.244003,21848,0.2890625
1493070779.129994,22006,0.375
1493070789.48308,22245,0.4375
1493070790.05129,22258,0.3515625
1493070791.536533,22292,0.359375
1493070793.169523,22330,0.3828125
1493070794.425055,22358,0.3359375
1493070799.638178,22472,0.4453125
1493070801.145437,22507,0.390625
1493070802.745211,22544,0.4921875
1493070806.691223,22635,0.40625
1493070812.245256,22765,0.40625
1493070815.539431,22840,0.3828125
1493070819.4218,22930,0.5
1493070819.550289,22933,0.4453125
1493070830.717719,23084,0.484375
1493070833.064328,23138,0.4296875
1493070833.490333,23148,0.484375
1493070834.954257,23182,0.4375
1493070835.384259,23192,0.4375
1493070836.502133,23218,0.4921875
1493070838.437197,23263,0.4765625
1493070839.446133,23286,0.4296875
1493070842.70205,23361,0.4296875
1493070843.513345,23380,0.515625
1493070845.563044,23427,0.4765625
1493070850.434656,23540,0.4375
1493070852.578715,23589,0.4140625
1493070856.10276,23670,0.4765625
1493070856.583554,23681,0.453125
1493070857.454958,23701,0.4921875
1493070860.591592,23774,0.5234375
1493070863.034277,23831,0.40625
1493070867.685941,23938,0.5390625
1493070878.047279,24079,0.4375
1493070879.952996,24118,0.53125
1493070881.378259,24147,0.5078125
1493070885.485838,24234,0.4296875
1493070887.809784,24282,0.4765625
1493070887.903745,24284,0.5390625
1493070889.686377,24322,0.4375
1493070890.773703,24345,0.515625
1493070894.214549,24416,0.5390625
1493070900.784644,24557,0.4921875
1493070903.83139,24621,0.5078125
1493070908.210145,24719,0.484375
1493070908.563867,24727,0.4453125
1493070916.534757,24901,0.5078125
1493070918.009631,24934,0.40625
1493070925.346296,25008,0.4296875
1493070927.101521,25047,0.5
1493070930.954712,25133,0.5703125
1493070935.358644,25231,0.421875
1493070935.9645,25244,0.5390625
1493070936.372477,25253,0.5234375
1493070940.009722,25332,0.421875
1493070942.740017,25391,0.515625
1493070947.965427,25505,0.4921875
1493070948.6314,25520,0.453125
1493070952.184605,25599,0.4765625
1493070956.050446,25686,0.4453125
1493070961.724235,25812,0.4921875
1493070963.298337,25847,0.4140625
1493070966.464243,25921,0.4921875
1493070975.835682,26045,0.40625
1493070976.734457,26066,0.453125
1493070977.813322,26091,0.4609375
1493070980.566112,26155,0.515625
1493070981.162074,26169,0.4765625
1493070986.467174,26292,0.5625
1493070986.936456,26303,0.4765625
1493070991.248191,26403,0.3984375
1493070994.130922,26470,0.5234375
1493071002.782647,26670,0.453125
1493071008.291734,26797,0.484375
1493071008.336166,26798,0.4609375
1493071009.577246,26827,0.5
1493071009.668074,26829,0.5
1493071013.913299,26928,0.4375
1493071027.090584,27142,0.390625
1493071027.342757,27148,0.515625
1493071027.605757,27154,0.5078125
1493071027.776378,27158,0.5234375
1493071027.819127,27159,0.4453125
1493071032.825025,27274,0.3515625
1493071042.880377,27505,0.4453125
1493071047.273461,27603,0.390625
1493071047.741198,27613,0.4921875
1493071048.04159,27620,0.578125
1493071048.846407,27638,0.5
1493071053.446687,27739,0.5
1493071057.233135,27825,0.4765625
1493071061.338862,27916,0.421875
1493071061.442641,27918,0.546875
1493071062.844321,27950,0.421875
1493071063.630238,27968,0.59375
1493071079.99951,28251,0.46875
1493071081.116318,28277,0.515625
1493071083.048551,28321,0.5
1493071088.115103,28438,0.609375
1493071088.68358,28451,0.53125
1493071092.675749,28543,0.515625
1493071093.931673,28572,0.5390625
1493071095.631573,28611,0.5546875
1493071111.399595,28970,0.5703125
1493071112.565096,28996,0.6171875
1493071117.64702,29018,0.5
1493071118.510935,29037,0.4921875
1493071119.634256,29062,0.609375
1493071120.378593,29078,0.5078125
1493071120.926889,29090,0.6015625
1493071125.98478,29201,0.578125
1493071128.77104,29263,0.515625
1493071138.197317,29471,0.5859375
1493071138.5034,29478,0.53125
1493071138.901057,29487,0.625
1493071141.244201,29537,0.5703125
1493071141.384654,29540,0.578125
1493071142.348812,29561,0.6171875
1493071143.732564,29592,0.46875
1493071144.60903,29611,0.515625
1493071151.012767,29747,0.515625
1493071154.936691,29828,0.59375
1493071155.001222,29829,0.609375
1493071157.07935,29863,0.5859375
1493071168.060948,30000,0.6328125
1493071168.288571,30005,0.6015625
1493071169.488576,30031,0.6171875
1493071171.483799,30077,0.6640625
1493071172.13164,30092,0.6171875
1493071175.751263,30174,0.6015625
1493071177.637354,30217,0.5546875
1493071178.80458,30243,0.640625
1493071180.557283,30284,0.6171875
1493071182.408686,30327,0.7109375
1493071188.110047,30459,0.6484375
1493071188.581438,30470,0.609375
1493071193.014122,30572,0.53125
1493071194.756956,30612,0.6875
1493071198.811046,30706,0.6015625
1493071199.428006,30720,0.6484375
1493071200.195909,30738,0.5859375
1493071217.984806,31052,0.5859375
1493071220.267383,31105,0.640625
1493071233.355663,31406,0.5625
1493071234.965164,31443,0.625
1493071245.871691,31696,0.640625
1493071247.029902,31722,0.5859375
1493071250.833691,31808,0.671875
1493071253.77036,31873,0.703125
1493071254.072613,31880,0.6171875
1493071254.435854,31888,0.625
1493071256.587943,31936,0.6328125
1493071256.979859,31945,0.6328125
1493071263.920989,32004,0.578125
1493071264.498273,32017,0.625
1493071271.387883,32174,0.7109375
1493071272.91804,32207,0.5703125
1493071274.90532,32249,0.59375
1493071283.555028,32435,0.6640625
1493071287.679243,32529,0.546875
1493071288.269574,32542,0.71875
1493071291.449755,32611,0.5390625
1493071293.606452,32657,0.609375
1493071295.892136,32706,0.6015625
1493071298.394903,32762,0.640625
1493071304.145015,32894,0.6484375
1493071304.48315,32902,0.5625
1493071313.531374,33002,0.625
1493071314.065401,33014,0.640625
1493071315.000581,33034,0.59375
1493071320.407489,33152,0.6640625
1493071321.669959,33179,0.6328125
1493071321.75678,33181,0.65625
1493071325.953827,33271,0.65625
1493071329.25056,33341,0.671875
1493071330.472223,33368,0.6796875
1493071330.764246,33375,0.640625
1493071332.117013,33403,0.5390625
1493071338.388915,33539,0.6953125
1493071342.358319,33631,0.5546875
1493071346.549065,33728,0.6640625
1493071346.953151,33737,0.6328125
1493071347.469141,33749,0.6171875
1493071348.292326,33768,0.6171875
1493071349.061363,33785,0.5390625
1493071351.390324,33839,0.6328125
1493071351.915397,33851,0.609375
1493071352.973836,33876,0.625
1493071354.551663,33913,0.640625
1493071363.118036,34017,0.65625
1493071363.951223,34036,0.6328125
1493071364.259856,34043,0.59375
1493071366.244143,34089,0.6328125
1493071368.485228,34141,0.6875
1493071368.612841,34144,0.671875
1493071370.171466,34179,0.6171875
1493071378.03425,34361,0.6640625
1493071378.076984,34362,0.6171875
1493071378.981279,34383,0.640625
1493071381.360255,34438,0.65625
1493071385.138337,34525,0.7109375
1493071385.181204,34526,0.640625
1493071386.828744,34564,0.6328125
1493071388.32228,34599,0.65625
1493071388.708053,34608,0.6328125
1493071396.288994,34783,0.5859375
1493071400.447364,34878,0.6796875
1493071413.468485,35079,0.6328125
1493071415.096435,35115,0.6875
1493071417.922048,35177,0.6796875
1493071421.516702,35254,0.71875
1493071425.112757,35333,0.625
1493071426.056413,35354,0.6875
1493071426.414516,35362,0.6796875
1493071426.995962,35375,0.734375
1493071427.089103,35377,0.6328125
1493071431.772,35481,0.6015625
1493071431.866215,35483,0.6015625
1493071435.756751,35570,0.5859375
1493071435.894586,35573,0.6953125
1493071444.762585,35771,0.671875
1493071445.069293,35778,0.609375
1493071448.028696,35844,0.640625
1493071448.250992,35849,0.6484375
1493071452.898737,35953,0.65625
1493071453.671325,35970,0.6875
1493071460.619209,36037,0.6328125
1493071461.517614,36057,0.609375
1493071466.337642,36164,0.640625
1493071469.29886,36231,0.6875
1493071470.009735,36246,0.640625
1493071470.745284,36262,0.671875
1493071471.33696,36275,0.7109375
1493071472.90076,36310,0.6796875
1493071474.035639,36336,0.6953125
1493071484.128747,36569,0.65625
1493071486.739814,36629,0.59375
1493071488.059336,36659,0.75
1493071488.906824,36678,0.71875
1493071492.728831,36767,0.84375
1493071494.407746,36806,0.6875
1493071494.580986,36810,0.796875
1493071494.967345,36819,0.7890625
1493071496.294253,36850,0.7734375
1493071498.747099,36907,0.796875
1493071509.222526,37053,0.8359375
1493071514.279405,37169,0.859375
1493071515.704404,37202,0.8828125
1493071520.451793,37311,0.828125
1493071526.720739,37455,0.8671875
1493071528.192712,37489,0.890625
1493071540.15087,37764,0.890625
1493071542.03146,37807,0.9375
1493071545.129543,37876,0.9453125
1493071563.897226,38192,0.96875
1493071566.536245,38247,0.953125
1493071567.2173,38262,0.96875
1493071572.383263,38365,0.984375
1493071576.224562,38439,0.9765625
1493071576.952553,38455,0.96875
1493071577.442788,38466,0.953125
1493071579.026946,38500,0.984375
1493071583.044544,38580,0.9921875
1493071585.948164,38641,0.984375
1493071586.000946,38642,0.9921875
1493071588.720634,38700,0.9765625
1493071589.693005,38720,0.9765625
1493071591.749681,38763,0.9453125
1493071595.63137,38840,0.984375
1493071602.626049,38981,0.9921875
1493071608.134553,39004,0.9765625
1493071608.18122,39005,0.9921875
1493071614.657156,39141,0.9921875
1493071619.131925,39237,0.9765625
1493071621.821823,39296,0.96875
1493071622.338351,39307,0.9765625
1493071635.369253,39591,1.0
1493071640.258656,39702,0.9921875
1493071641.458691,39730,0.9765625
1493071643.775392,39781,0.9921875
1493071648.164559,39878,0.9921875
1493071649.648127,39909,0.9609375
1493071649.854786,39914,0.9921875
1493071650.607042,39931,0.984375
1493071659.207484,40020,1.0
1493071668.615632,40224,0.9921875
1493071672.014426,40296,0.984375
1493071677.026563,40401,0.984375
1493071681.004585,40488,0.9609375
1493071681.544867,40500,1.0
1493071683.006153,40532,0.9765625
1493071684.296982,40560,0.9765625
1493071688.125376,40647,0.9921875
1493071688.567889,40657,0.984375
1493071688.826486,40663,0.9921875
1493071689.000143,40667,0.9765625
1493071690.37529,40698,1.0
1493071690.471606,40700,0.9921875
1493071691.216822,40714,0.9921875
1493071691.540322,40720,0.9921875
1493071695.052128,40793,1.0
1493071711.206807,41040,0.9921875
1493071715.250155,41128,0.9921875
1493071716.41502,41154,0.9765625
1493071720.573784,41244,0.9921875
1493071721.83625,41271,0.9921875
1493071725.034455,41341,1.0
1493071728.117319,41409,1.0
1493071731.826719,41491,1.0
1493071734.134783,41539,1.0
1493071734.901767,41555,1.0
1493071737.338243,41609,1.0
1493071744.766035,41772,1.0
1493071745.144307,41780,1.0
1493071748.104847,41844,1.0
1493071749.307165,41871,1.0
1493071759.883022,42006,1.0
1493071760.20673,42013,1.0
1493071761.063297,42031,0.9921875
1493071765.983014,42134,1.0
1493071767.229765,42158,1.0
1493071767.686593,42168,1.0
1493071768.465772,42182,1.0
1493071771.487046,42244,1.0
1493071776.057225,42339,1.0
1493071781.45057,42450,0.9921875
1493071782.326062,42468,1.0
1493071782.767381,42478,1.0
1493071783.742566,42499,1.0
1493071789.035227,42608,1.0
1493071792.187391,42678,1.0
1493071796.783107,42776,0.9921875
1493071803.98954,42931,1.0
1493071805.470415,42964,1.0
1493071806.2803,42981,1.0
1493071812.582884,43020,1.0
1493071824.002508,43278,1.0
1493071832.782216,43474,1.0
1493071834.715303,43518,1.0
1493071836.266794,43553,1.0
1493071837.575833,43583,1.0
1493071838.63379,43607,1.0
1493071840.114312,43639,1.0
1493071843.42664,43711,1.0
1493071844.676915,43738,1.0
1493071844.843855,43742,1.0
1493071845.580888,43757,1.0
1493071846.796965,43783,1.0
1493071847.804366,43805,1.0
1493071855.394749,43976,1.0
1493071855.572779,43980,1.0
1493071856.160623,43993,1.0
1493071863.800556,44073,1.0
1493071863.978809,44077,1.0
1493071865.610545,44113,1.0
1493071869.519285,44200,1.0
1493071869.828261,44207,1.0
1493071871.809742,44251,1.0
1493071874.213156,44304,1.0
1493071875.971666,44343,1.0
1493071878.741802,44404,1.0
1493071883.100925,44501,1.0
1493071884.82047,44539,1.0
1493071886.900179,44585,1.0
1493071886.950137,44586,1.0
1493071889.625494,44645,1.0
1493071893.424012,44729,1.0
1493071894.495024,44753,1.0
1493071896.737054,44802,1.0
1493071897.39108,44816,1.0
1493071904.210018,44964,1.0
1493071905.641171,44994,1.0
1493071912.242172,45053,1.0
1493071914.533945,45104,1.0
1493071923.64398,45310,1.0
1493071924.044454,45319,1.0
1493071926.388629,45372,1.0
1493071932.420919,45507,1.0
1493071934.024424,45543,1.0
1493071938.629185,45646,1.0
1493071939.162159,45658,1.0
1493071944.144326,45771,1.0
1493071947.161872,45839,1.0
1493071948.72482,45874,1.0
1493071959.253476,46024,1.0
1493071959.636824,46033,1.0
1493071960.804413,46060,1.0
1493071962.127817,46090,1.0
1493071963.592229,46124,1.0
1493071965.531344,46169,1.0
1493071965.885169,46177,1.0
1493071967.091883,46205,1.0
1493071971.9984,46318,1.0
1493071972.673399,46334,1.0
1493071975.369913,46396,1.0
1493071976.115624,46413,1.0
1493071979.852747,46499,1.0
1493071980.260658,46508,1.0
1493071988.63203,46696,1.0
1493071990.983674,46748,1.0
1493072008.111862,47036,1.0
1493072009.074754,47057,1.0
1493072015.465241,47198,1.0
1493072017.415373,47241,1.0
1493072019.806466,47294,1.0
1493072020.117372,47301,1.0
1493072021.022197,47321,1.0
1493072022.202513,47347,1.0
1493072026.287541,47437,1.0
1493072028.651695,47489,0.9609375
1493072031.375735,47549,0.984375
1493072031.697247,47556,1.0
1493072033.007763,47585,1.0
1493072035.425613,47638,1.0
1493072035.602791,47642,1.0
1493072036.188428,47655,1.0
1493072036.821736,47669,1.0
1493072037.920786,47693,1.0
1493072038.458067,47705,1.0
1493072039.930424,47737,1.0
1493072040.24297,47744,1.0
1493072040.894588,47758,1.0
1493072046.04054,47871,1.0
1493072046.535723,47882,1.0
1493072046.801208,47888,1.0
1493072048.661626,47929,1.0
1493072048.842234,47933,1.0
1493072049.482435,47947,1.0
1493072050.508828,47970,1.0
1493072059.222174,48076,1.0
1493072061.122815,48119,1.0
1493072063.923361,48181,1.0
1493072064.648613,48197,1.0
1493072066.001603,48227,1.0
1493072074.737134,48421,1.0
1493072076.759068,48466,1.0
1493072078.915287,48514,1.0
1493072079.278024,48522,1.0
1493072084.167513,48630,1.0
1493072085.060595,48650,1.0
1493072093.870026,48844,1.0
1493072100.16078,48982,1.0
1493072117.374304,49272,1.0
1493072119.817064,49326,1.0
1493072120.951408,49351,1.0
1493072126.679974,49477,1.0
1493072130.35037,49558,1.0
1493072133.126982,49619,1.0
1493072133.998492,49638,1.0
1493072136.656617,49697,1.0
1493072141.887186,49813,1.0
1493072145.432376,49892,1.0
1493072154.61067,50006,1.0
1493072156.914486,50056,1.0
1493072158.595846,50093,1.0
1493072161.109341,50149,1.0
1493072161.831367,50165,1.0
1493072163.195118,50195,1.0
1493072166.479303,50268,1.0
1493072171.609759,50382,1.0
1493072175.566312,50470,1.0
1493072178.617358,50538,1.0
1493072182.720235,50629,1.0
1493072182.808363,50631,1.0
1493072183.082064,50637,1.0
1493072191.313253,50819,1.0
1493072198.516881,50979,1.0
1493072204.056224,51015,1.0
1493072209.327294,51130,1.0
1493072209.512114,51134,1.0
1493072213.729471,51227,1.0
1493072216.206143,51282,1.0
1493072218.956476,51342,1.0
1493072223.232286,51437,1.0
1493072232.495518,51641,1.0
1493072237.417278,51750,1.0
1493072239.414839,51794,1.0
1493072239.596677,51798,1.0
1493072239.962965,51806,1.0
1493072246.626631,51954,1.0
1493072252.748092,52001,1.0
1493072255.722557,52067,1.0
1493072255.821284,52069,1.0
1493072263.445607,52237,1.0
1493072265.910243,52292,1.0
1493072267.17295,52320,1.0
1493072268.659908,52353,1.0
1493072269.724397,52377,1.0
1493072270.177513,52387,1.0
1493072275.687165,52510,1.0
1493072276.499154,52528,1.0
1493072279.964107,52603,1.0
1493072281.665053,52641,1.0
1493072283.516688,52682,1.0
1493072288.137288,52783,1.0
1493072289.004244,52802,1.0
1493072293.771457,52906,1.0
1493072295.25684,52939,1.0
1493072302.238931,53003,1.0
1493072302.681844,53013,1.0
1493072306.249015,53092,0.9765625
1493072306.926563,53107,0.984375
1493072308.609107,53144,1.0
1493072320.222426,53401,1.0
1493072320.591348,53409,1.0
1493072323.266688,53468,1.0
1493072323.899093,53482,1.0
1493072331.438553,53648,1.0
1493072334.035863,53706,1.0
1493072334.342778,53713,1.0
1493072334.520911,53717,1.0
1493072334.6986,53721,1.0
1493072339.371969,53824,1.0
1493072341.088499,53862,1.0
1493072342.581196,53895,1.0
1493072343.075137,53906,1.0
1493072352.340685,54023,1.0
1493072354.572988,54072,1.0
1493072355.24343,54087,1.0
1493072356.183739,54108,1.0
1493072356.864204,54123,1.0
1493072359.57166,54183,1.0
1493072362.211004,54241,1.0
1493072367.978014,54368,1.0
1493072372.402724,54466,1.0
1493072377.981718,54589,1.0
1493072379.59644,54625,1.0
1493072380.602081,54647,1.0
1493072382.594314,54691,1.0
1493072383.188802,54704,1.0
1493072383.860538,54719,1.0
1493072387.83538,54807,1.0
1493072390.349253,54863,1.0
1493072393.683586,54937,1.0
1493072395.738103,54982,1.0
1493072409.415923,55193,1.0
1493072414.206845,55299,1.0
1493072414.340384,55302,1.0
1493072415.510946,55328,1.0
1493072416.918304,55359,1.0
1493072425.039646,55538,1.0
1493072425.275546,55543,1.0
1493072425.633016,55551,1.0
1493072432.982711,55713,1.0
1493072435.38419,55766,1.0
1493072436.690288,55795,1.0
1493072440.094195,55870,1.0
1493072444.300544,55963,1.0
1493072444.43672,55966,1.0
1493072454.1148,56091,1.0
1493072463.727451,56304,1.0
1493072465.21676,56337,1.0
1493072467.098076,56379,1.0
1493072468.529638,56411,1.0
1493072469.479464,56432,1.0
1493072472.357532,56495,1.0
1493072472.9012,56507,1.0
1493072473.540151,56521,1.0
1493072473.85955,56528,1.0
1493072473.952424,56530,1.0
1493072477.494749,56608,1.0
1493072485.571793,56787,1.0
1493072487.032422,56820,1.0
1493072488.637648,56856,1.0
1493072490.103509,56888,1.0
1493072495.144345,56999,1.0
1493072500.724155,57036,1.0
1493072509.831747,57237,1.0
1493072510.900655,57261,1.0
1493072512.617438,57299,1.0
1493072512.883188,57305,1.0
1493072513.866636,57327,1.0
1493072517.045754,57398,1.0
1493072520.314978,57469,1.0
1493072520.990846,57484,1.0
1493072522.523526,57518,1.0
1493072525.086189,57575,1.0
1493072530.102328,57686,1.0
1493072531.83313,57724,1.0
1493072533.45981,57760,1.0
1493072538.436102,57870,1.0
1493072552.426051,58090,1.0
1493072561.713677,58295,1.0
1493072563.9998,58346,1.0
1493072568.244635,58440,1.0
1493072573.458296,58556,1.0
1493072575.921251,58611,1.0
1493072577.264528,58641,1.0
1493072577.437538,58645,1.0
1493072579.331076,58687,1.0
1493072580.785677,58719,1.0
1493072581.992915,58746,1.0
1493072582.748386,58763,1.0
1493072583.424777,58778,1.0
1493072583.872845,58788,1.0
1493072587.644494,58872,1.0
1493072598.187846,59014,1.0
1493072598.915171,59030,1.0
1493072599.045272,59033,1.0
1493072599.183181,59036,1.0
1493072600.165168,59058,1.0
1493072605.357621,59173,1.0
1493072609.497219,59264,1.0
1493072611.644212,59311,1.0
1493072613.810542,59359,1.0
1493072617.148516,59432,1.0
1493072623.69123,59576,1.0
1493072625.864848,59624,1.0
1493072626.589523,59640,1.0
1493072627.919198,59670,1.0
1493072630.130616,59719,1.0
1493072630.70983,59732,1.0
1493072630.939045,59737,1.0
1493072631.585257,59751,1.0
1493072634.642032,59818,1.0
1493072636.640212,59862,1.0
1493072637.868707,59889,1.0
1493072646.882375,60000,1.0
